variable,count,mean,std,min,25%,50%,75%,max,original
dummy1,1000.0,0.0001466552438224155,0.010158713484838695,-0.0313061499162969,-0.00695090095304875,-0.0002444346444946,0.0071614245406023,0.0314487612803624,0.0170472338042468
dummy2,1000.0,-0.00019235622818575355,0.010810597350165544,-0.0324408488087062,-0.007413834555587775,-0.00014574559618195,0.0072917293101004,0.0401338548561724,-0.0223221147253553
x1,1000.0,0.014849981117106538,3.0163293885379394,-8.265857730298121,-1.9932113638573332,0.012722299402228049,1.8919023228302703,28.20717295798728,28.20717295798728
x2,1000.0,0.16735813857941653,7.986669651021816,-22.622874116916783,-5.137074852815857,-0.1154314385900776,5.447713975169712,75.04861400160837,75.04861400160837
x3,1000.0,0.01930721624298931,1.9254947163535359,-4.672622039271424,-1.2830671683304404,-0.0664323009433589,1.2575090418967354,17.75463882292654,17.75463882292654
